ProductName,Category,Brand,UnitPrice
Pillow,Home Appliances,Everest,283
Speaker,Home & Furniture,UrbanCore,733
Hammock,Outdoor & Garden,Vertex,351
Snorkel Gear,Pets,PrimeLine,615
Hiking Backpack,Outdoor & Garden,Nova,552
Electric Toothbrush,Health & Fitness,Nova,186
Cat Litter Box,Home Appliances,PrimeLine,829
Action Figure,Health & Fitness,Everest,555
Patio Furniture,Electronics,Nova,564
Sheets,Home & Furniture,UrbanCore,946
Hair Dryer,Arts & Crafts,Nova,978
Wi-Fi Extender,Toys & Games,Everest,427
Ping Pong Table,Sports & Recreation,Vertex,523
Speaker,Health & Fitness,Vertex,932
Hair Dryer,Sports & Recreation,Nova,78
Camping Chair,Kitchen & Dining,PrimeLine,343
Yoga Mat,Health & Fitness,Vertex,880
Tennis Racket,Outdoor & Garden,Everest,801
VR Headset,Sports & Recreation,Everest,111
Kayak,Arts & Crafts,Nova,376
Tennis Racket,Toys & Games,UrbanCore,321
Speaker,Home & Furniture,PrimeLine,890
Sheets,Sports & Recreation,PrimeLine,742
Portable Hard Drive,Pets,UrbanCore,680
Garden Hose,Sports & Recreation,UrbanCore,602
Earbuds,Kitchen & Dining,Vertex,571
Electric Kettle,Electronics,UrbanCore,503
Snorkel Gear,Pets,Everest,621
Camping Chair,Home & Furniture,PrimeLine,971
Cat Litter Box,Kitchen & Dining,Nova,954
Golf Clubs,Outdoor & Garden,UrbanCore,66
Ping Pong Table,Electronics,UrbanCore,788
Dishwasher,Arts & Crafts,Vertex,491
Smart Thermostat,Electronics,Nova,441
Hiking Backpack,Home Appliances,Everest,663
Lamp,Electronics,UrbanCore,617
Portable Hard Drive,Toys & Games,PrimeLine,343
Golf Clubs,Pets,Everest,359
Kayak,Electronics,Nova,775
Dishwasher,Home Appliances,Vertex,93
Patio Furniture,Health & Fitness,Vertex,767
VR Headset,Electronics,PrimeLine,455
Electric Kettle,Pets,Everest,638
Hiking Backpack,Home Appliances,Nova,796
Ski Poles,Home & Furniture,Everest,411
Snorkel Gear,Sports & Recreation,PrimeLine,519
Wi-Fi Extender,Electronics,Vertex,740
Golf Clubs,Arts & Crafts,UrbanCore,434
Electric Toothbrush,Electronics,Everest,344
Lamp,Health & Fitness,Nova,257
Lamp,Arts & Crafts,Vertex,527
Earbuds,Arts & Crafts,UrbanCore,352
Backpack,Sports & Recreation,PrimeLine,317
Ski Poles,Electronics,UrbanCore,82
Wi-Fi Extender,Health & Fitness,Vertex,411
Yoga Mat,Electronics,UrbanCore,917
Electric Kettle,Toys & Games,UrbanCore,218
Hair Dryer,Home & Furniture,Vertex,659
Hiking Backpack,Kitchen & Dining,PrimeLine,953
Ski Poles,Pets,Nova,958
Badminton Set,Home Appliances,UrbanCore,385
Keyboard,Electronics,Nova,831
Keyboard,Sports & Recreation,Nova,173
Kayak,Kitchen & Dining,Vertex,470
Earbuds,Toys & Games,UrbanCore,466
Electric Kettle,Pets,Nova,198
Hiking Backpack,Outdoor & Garden,Everest,341
Dishwasher,Home & Furniture,Everest,652
Hiking Backpack,Arts & Crafts,Everest,944
Ping Pong Table,Electronics,Everest,545
Dishwasher,Arts & Crafts,Nova,406
Dishwasher,Kitchen & Dining,Vertex,281
Tennis Racket,Home & Furniture,PrimeLine,717
Cat Litter Box,Home & Furniture,Vertex,661
Kayak,Home Appliances,Nova,917
Camping Chair,Toys & Games,Vertex,488
Tennis Racket,Electronics,Vertex,697
Hair Dryer,Electronics,Vertex,589
Action Figure,Pets,PrimeLine,54
Lamp,Home Appliances,UrbanCore,619
Hiking Backpack,Home & Furniture,UrbanCore,466
Action Figure,Sports & Recreation,PrimeLine,822
Patio Furniture,Sports & Recreation,Everest,170
Action Figure,Sports & Recreation,UrbanCore,655
Hair Dryer,Toys & Games,Vertex,88
VR Headset,Health & Fitness,Everest,75
VR Headset,Arts & Crafts,Vertex,920
Garden Hose,Toys & Games,Nova,384
Action Figure,Electronics,Vertex,50
Cat Litter Box,Electronics,Everest,877
Garden Hose,Toys & Games,UrbanCore,69
Tennis Racket,Health & Fitness,PrimeLine,412
Sheets,Sports & Recreation,Nova,692
Pillow,Health & Fitness,Vertex,833
Dishwasher,Home & Furniture,Vertex,751
Wi-Fi Extender,Sports & Recreation,Nova,215
Fire Pit,Health & Fitness,Nova,93
VR Headset,Home & Furniture,Vertex,637
Portable Hard Drive,Pets,Vertex,708
Camping Chair,Electronics,PrimeLine,672
Patio Furniture,Health & Fitness,PrimeLine,229
Electric Toothbrush,Outdoor & Garden,Everest,980
Lamp,Pets,Vertex,876
Fire Pit,Home Appliances,Everest,317
Ski Poles,Pets,Vertex,989
Kayak,Kitchen & Dining,Nova,56
Wi-Fi Extender,Arts & Crafts,PrimeLine,472
Garden Hose,Pets,PrimeLine,868
Lamp,Pets,Nova,482
Tennis Racket,Home & Furniture,UrbanCore,841
Wi-Fi Extender,Kitchen & Dining,Nova,516
Ski Poles,Kitchen & Dining,Nova,221
Keyboard,Sports & Recreation,PrimeLine,565
Ski Poles,Toys & Games,PrimeLine,443
Sheets,Electronics,Vertex,516
Speaker,Sports & Recreation,Everest,461
Hair Dryer,Toys & Games,PrimeLine,765
Smart Thermostat,Toys & Games,PrimeLine,965
Portable Hard Drive,Arts & Crafts,UrbanCore,683
Dishwasher,Home & Furniture,Nova,266
Pillow,Home Appliances,UrbanCore,533
Portable Hard Drive,Home Appliances,Everest,250
Portable Hard Drive,Health & Fitness,PrimeLine,221
Patio Furniture,Electronics,Everest,360
Yoga Mat,Home & Furniture,Nova,179
Hammock,Sports & Recreation,Nova,495
Snorkel Gear,Home & Furniture,Everest,367
Smart Thermostat,Pets,UrbanCore,884
Snorkel Gear,Sports & Recreation,PrimeLine,463
Snorkel Gear,Home Appliances,UrbanCore,374
Electric Kettle,Toys & Games,Vertex,227
Kayak,Toys & Games,PrimeLine,394
Cat Litter Box,Electronics,Everest,90
Lamp,Home & Furniture,Vertex,677
Electric Toothbrush,Sports & Recreation,PrimeLine,431
Ping Pong Table,Sports & Recreation,UrbanCore,942
Backpack,Toys & Games,PrimeLine,858
VR Headset,Sports & Recreation,Nova,708
Action Figure,Arts & Crafts,Everest,562
Hair Dryer,Home & Furniture,UrbanCore,570
Earbuds,Outdoor & Garden,Nova,488
Ski Poles,Arts & Crafts,PrimeLine,205
VR Headset,Arts & Crafts,Everest,413
Cat Litter Box,Toys & Games,Nova,638
Yoga Mat,Outdoor & Garden,UrbanCore,66
Dishwasher,Electronics,Nova,379
Backpack,Home & Furniture,Nova,376
Cat Litter Box,Health & Fitness,UrbanCore,327
Hair Dryer,Electronics,Everest,999
Earbuds,Arts & Crafts,Nova,658
Kayak,Home & Furniture,UrbanCore,317
Fire Pit,Health & Fitness,PrimeLine,639
Smart Thermostat,Home & Furniture,Vertex,571
Snorkel Gear,Outdoor & Garden,Everest,796
Yoga Mat,Home & Furniture,PrimeLine,489
VR Headset,Home & Furniture,Vertex,111
Tennis Racket,Toys & Games,UrbanCore,79
Hammock,Sports & Recreation,Vertex,393
Action Figure,Pets,Nova,735
Yoga Mat,Electronics,Nova,471
Kayak,Arts & Crafts,PrimeLine,210
Water Bottle,Outdoor & Garden,UrbanCore,883
Golf Clubs,Pets,UrbanCore,690
Badminton Set,Home Appliances,Nova,233
Camping Chair,Home & Furniture,UrbanCore,339
Craft Kit,Sports & Recreation,UrbanCore,244
Craft Kit,Arts & Crafts,UrbanCore,779
Fire Pit,Arts & Crafts,Everest,471
Hair Dryer,Toys & Games,UrbanCore,836
Lamp,Pets,Nova,406
Hair Dryer,Sports & Recreation,PrimeLine,250
Speaker,Sports & Recreation,Everest,750
Dishwasher,Sports & Recreation,Vertex,543
Craft Kit,Kitchen & Dining,Vertex,582
Electric Toothbrush,Toys & Games,Nova,157
Sleeping Pad,Arts & Crafts,Everest,147
Ski Poles,Home & Furniture,Everest,723
Ping Pong Table,Home Appliances,Vertex,226
Golf Clubs,Electronics,Vertex,121
Wi-Fi Extender,Health & Fitness,Nova,196
Speaker,Outdoor & Garden,Nova,985
Electric Toothbrush,Sports & Recreation,PrimeLine,829
Cooler,Home & Furniture,Everest,437
Portable Hard Drive,Pets,UrbanCore,98
Sleeping Pad,Home Appliances,Nova,732
Smart Thermostat,Sports & Recreation,Vertex,289
Craft Kit,Electronics,PrimeLine,563
Electric Toothbrush,Home Appliances,UrbanCore,813
Camping Chair,Home & Furniture,UrbanCore,552
Earbuds,Home Appliances,UrbanCore,830
Backpack,Electronics,UrbanCore,895
Lamp,Health & Fitness,Nova,762
Backpack,Sports & Recreation,Nova,697
Smart Thermostat,Home & Furniture,Nova,235
Keyboard,Toys & Games,PrimeLine,504
Hiking Backpack,Kitchen & Dining,UrbanCore,998
Hiking Backpack,Pets,Vertex,488
Kayak,Outdoor & Garden,Vertex,696
Golf Clubs,Outdoor & Garden,Nova,918
Craft Kit,Kitchen & Dining,UrbanCore,456
Garden Hose,Toys & Games,PrimeLine,248
Action Figure,Pets,Nova,906
Yoga Mat,Electronics,Vertex,167
Cat Litter Box,Toys & Games,Nova,876
Hammock,Home Appliances,Vertex,423
Portable Hard Drive,Sports & Recreation,PrimeLine,219
Action Figure,Pets,PrimeLine,278
Badminton Set,Home Appliances,Everest,898
Patio Furniture,Health & Fitness,Everest,409
Backpack,Toys & Games,Nova,956
Yoga Mat,Kitchen & Dining,Nova,154
Sleeping Pad,Health & Fitness,UrbanCore,666
Cooler,Home & Furniture,PrimeLine,974
Sheets,Health & Fitness,PrimeLine,297
Backpack,Electronics,Nova,637
Wi-Fi Extender,Kitchen & Dining,UrbanCore,235
Badminton Set,Electronics,UrbanCore,394
Kayak,Pets,Everest,825
VR Headset,Home Appliances,Vertex,393
Badminton Set,Kitchen & Dining,Everest,837
Kayak,Home & Furniture,Nova,974
Portable Hard Drive,Electronics,Everest,658
Speaker,Sports & Recreation,Vertex,474
Pillow,Pets,Vertex,556
Garden Hose,Toys & Games,Everest,266
Snorkel Gear,Electronics,PrimeLine,982
Cooler,Home Appliances,Nova,518
Backpack,Home & Furniture,Nova,118
Craft Kit,Home Appliances,UrbanCore,451
Badminton Set,Home Appliances,UrbanCore,591
Ski Poles,Health & Fitness,Vertex,940
Electric Kettle,Outdoor & Garden,PrimeLine,417
Fire Pit,Home & Furniture,Nova,864
Ping Pong Table,Toys & Games,Nova,494
Speaker,Outdoor & Garden,Everest,141
Electric Toothbrush,Sports & Recreation,PrimeLine,582
Wi-Fi Extender,Health & Fitness,Nova,52
Golf Clubs,Health & Fitness,PrimeLine,411
Kayak,Sports & Recreation,Everest,478
Hiking Backpack,Electronics,Everest,364
Snorkel Gear,Home Appliances,PrimeLine,633
Water Bottle,Kitchen & Dining,Nova,352
Speaker,Electronics,PrimeLine,207
Water Bottle,Kitchen & Dining,PrimeLine,811
Golf Clubs,Home & Furniture,PrimeLine,177
VR Headset,Outdoor & Garden,PrimeLine,651
Electric Kettle,Health & Fitness,Vertex,837
Portable Hard Drive,Health & Fitness,Everest,292
Snorkel Gear,Outdoor & Garden,Everest,957
Kayak,Outdoor & Garden,Everest,900
Portable Hard Drive,Home Appliances,Vertex,598
Fire Pit,Home & Furniture,PrimeLine,698
Craft Kit,Toys & Games,Vertex,965
Garden Hose,Arts & Crafts,PrimeLine,484
Golf Clubs,Electronics,Vertex,309
Dishwasher,Health & Fitness,UrbanCore,492
Keyboard,Kitchen & Dining,Nova,85
Patio Furniture,Toys & Games,UrbanCore,468
Craft Kit,Outdoor & Garden,PrimeLine,127
Electric Kettle,Toys & Games,Everest,686
Kayak,Toys & Games,Everest,561
Camping Chair,Health & Fitness,UrbanCore,111
Dishwasher,Toys & Games,Nova,822
Kayak,Pets,UrbanCore,386
Fire Pit,Outdoor & Garden,PrimeLine,924
Golf Clubs,Sports & Recreation,UrbanCore,571
Hiking Backpack,Home & Furniture,UrbanCore,697
Cooler,Toys & Games,UrbanCore,317
Badminton Set,Pets,UrbanCore,132
Golf Clubs,Arts & Crafts,PrimeLine,334
Wi-Fi Extender,Arts & Crafts,Nova,813
Electric Toothbrush,Sports & Recreation,Vertex,461
Earbuds,Health & Fitness,UrbanCore,871
Wi-Fi Extender,Kitchen & Dining,UrbanCore,439
Tennis Racket,Home Appliances,Vertex,277
Lamp,Pets,Vertex,126
Earbuds,Sports & Recreation,Vertex,620
Ski Poles,Health & Fitness,Nova,968
Portable Hard Drive,Arts & Crafts,PrimeLine,572
Garden Hose,Outdoor & Garden,UrbanCore,908
Action Figure,Electronics,UrbanCore,178
Pillow,Arts & Crafts,PrimeLine,783
Cat Litter Box,Outdoor & Garden,Everest,692
Cooler,Health & Fitness,UrbanCore,653
Dishwasher,Home Appliances,Vertex,895
Sheets,Sports & Recreation,UrbanCore,490
Yoga Mat,Home Appliances,Vertex,307
Portable Hard Drive,Sports & Recreation,PrimeLine,566
Speaker,Arts & Crafts,UrbanCore,134
Keyboard,Home Appliances,PrimeLine,490
Craft Kit,Home & Furniture,UrbanCore,286
Ping Pong Table,Health & Fitness,Vertex,581
Ski Poles,Kitchen & Dining,Nova,334
Portable Hard Drive,Arts & Crafts,Everest,114
Electric Kettle,Electronics,Nova,543
Keyboard,Kitchen & Dining,Vertex,890
Sleeping Pad,Arts & Crafts,Vertex,258
Dishwasher,Arts & Crafts,UrbanCore,260
Electric Kettle,Pets,Everest,745
Wi-Fi Extender,Sports & Recreation,Vertex,565
Wi-Fi Extender,Kitchen & Dining,Vertex,717
Keyboard,Home Appliances,UrbanCore,746
Lamp,Arts & Crafts,Everest,908
Backpack,Pets,Nova,820
Camping Chair,Kitchen & Dining,Everest,261
Cat Litter Box,Home & Furniture,Vertex,620
Sleeping Pad,Pets,UrbanCore,673
Sleeping Pad,Home & Furniture,PrimeLine,242
Keyboard,Kitchen & Dining,Everest,646
Pillow,Pets,PrimeLine,997
Water Bottle,Home Appliances,Nova,503
VR Headset,Electronics,UrbanCore,908
Sheets,Outdoor & Garden,UrbanCore,528
Ping Pong Table,Pets,PrimeLine,396
Cat Litter Box,Health & Fitness,PrimeLine,793
Craft Kit,Outdoor & Garden,Vertex,338
VR Headset,Kitchen & Dining,UrbanCore,452
Golf Clubs,Pets,Nova,703
Hiking Backpack,Sports & Recreation,PrimeLine,888
Wi-Fi Extender,Health & Fitness,Vertex,846
Hiking Backpack,Pets,Nova,918
Hammock,Home Appliances,Everest,410
Ski Poles,Home Appliances,Vertex,437
Electric Kettle,Home & Furniture,PrimeLine,456
Speaker,Home Appliances,Nova,340
Electric Kettle,Health & Fitness,Nova,171
Dishwasher,Health & Fitness,PrimeLine,529
Electric Kettle,Health & Fitness,Vertex,457
Electric Kettle,Electronics,Nova,736
Portable Hard Drive,Home Appliances,Everest,180
Portable Hard Drive,Arts & Crafts,Nova,128
Sleeping Pad,Electronics,Vertex,56
Camping Chair,Kitchen & Dining,UrbanCore,894
Portable Hard Drive,Toys & Games,Nova,134
Lamp,Electronics,Vertex,620
Dishwasher,Health & Fitness,Vertex,857
Sheets,Toys & Games,Nova,59
Craft Kit,Home Appliances,PrimeLine,312
Garden Hose,Sports & Recreation,PrimeLine,631
Keyboard,Health & Fitness,Vertex,786
Hiking Backpack,Arts & Crafts,UrbanCore,858
Backpack,Kitchen & Dining,PrimeLine,983
Keyboard,Electronics,Nova,63
Electric Toothbrush,Outdoor & Garden,Nova,720
Dishwasher,Sports & Recreation,PrimeLine,205
Golf Clubs,Health & Fitness,PrimeLine,315
Lamp,Electronics,Vertex,846
Hiking Backpack,Home Appliances,Nova,235
Keyboard,Pets,Nova,665
Water Bottle,Arts & Crafts,Vertex,387
Patio Furniture,Kitchen & Dining,PrimeLine,370
Water Bottle,Electronics,Everest,402
Ski Poles,Kitchen & Dining,Vertex,502
Dishwasher,Arts & Crafts,PrimeLine,954
Lamp,Kitchen & Dining,Everest,904
Hammock,Electronics,Everest,756
Speaker,Health & Fitness,UrbanCore,826
Hiking Backpack,Outdoor & Garden,Vertex,383
Speaker,Toys & Games,UrbanCore,795
Patio Furniture,Pets,Everest,989
Yoga Mat,Pets,PrimeLine,303
Lamp,Electronics,UrbanCore,269
Pillow,Pets,PrimeLine,483
Cooler,Electronics,PrimeLine,89
Water Bottle,Outdoor & Garden,Everest,234
Sheets,Arts & Crafts,Everest,748
Action Figure,Outdoor & Garden,Vertex,65
Backpack,Outdoor & Garden,Everest,716
Craft Kit,Home & Furniture,PrimeLine,463
Ping Pong Table,Outdoor & Garden,Nova,94
Tennis Racket,Kitchen & Dining,PrimeLine,643
VR Headset,Home Appliances,Vertex,335
Dishwasher,Health & Fitness,PrimeLine,862
Fire Pit,Health & Fitness,PrimeLine,585
Patio Furniture,Health & Fitness,UrbanCore,211
Sleeping Pad,Outdoor & Garden,Nova,200
Badminton Set,Pets,PrimeLine,994
Dishwasher,Health & Fitness,PrimeLine,68
Sheets,Toys & Games,Everest,803
Yoga Mat,Kitchen & Dining,UrbanCore,61
Cooler,Home & Furniture,Nova,151
Electric Kettle,Sports & Recreation,Vertex,806
Hair Dryer,Health & Fitness,Vertex,433
Dishwasher,Home & Furniture,Everest,904
Action Figure,Health & Fitness,UrbanCore,711
Ski Poles,Toys & Games,Nova,609
Portable Hard Drive,Outdoor & Garden,Nova,629
Camping Chair,Health & Fitness,Nova,258
Ski Poles,Sports & Recreation,PrimeLine,361
Garden Hose,Outdoor & Garden,Nova,718
Lamp,Sports & Recreation,Vertex,899
Sleeping Pad,Electronics,UrbanCore,958
Fire Pit,Pets,Everest,410
Ping Pong Table,Pets,Vertex,257
Portable Hard Drive,Toys & Games,Vertex,418
Dishwasher,Home Appliances,UrbanCore,260
Wi-Fi Extender,Home & Furniture,Nova,163
Cat Litter Box,Kitchen & Dining,PrimeLine,523
Camping Chair,Sports & Recreation,Nova,408
Cooler,Outdoor & Garden,Vertex,878
Sleeping Pad,Electronics,Nova,234
Yoga Mat,Toys & Games,Nova,511
Backpack,Home Appliances,Vertex,639
Water Bottle,Health & Fitness,Everest,503
Speaker,Home Appliances,PrimeLine,286
Yoga Mat,Health & Fitness,Nova,999
Camping Chair,Toys & Games,Nova,702
VR Headset,Home Appliances,Everest,504
Tennis Racket,Home Appliances,Nova,341
Fire Pit,Toys & Games,UrbanCore,900
Pillow,Outdoor & Garden,Nova,322
Portable Hard Drive,Pets,UrbanCore,721
Speaker,Electronics,UrbanCore,909
Snorkel Gear,Home Appliances,UrbanCore,559
Water Bottle,Toys & Games,Nova,717
Snorkel Gear,Toys & Games,Nova,654
Ping Pong Table,Kitchen & Dining,Everest,931
Tennis Racket,Sports & Recreation,PrimeLine,583
Dishwasher,Health & Fitness,Vertex,220
Craft Kit,Sports & Recreation,UrbanCore,287
Portable Hard Drive,Home Appliances,UrbanCore,801
Wi-Fi Extender,Toys & Games,Nova,884
Action Figure,Pets,Vertex,776
Fire Pit,Home & Furniture,Vertex,249
Backpack,Home & Furniture,Nova,854
Snorkel Gear,Health & Fitness,Everest,461
Backpack,Toys & Games,UrbanCore,828
Sheets,Arts & Crafts,Vertex,480
Sleeping Pad,Outdoor & Garden,Everest,505
Sleeping Pad,Home Appliances,Everest,860
Water Bottle,Health & Fitness,Vertex,687
Hair Dryer,Home & Furniture,Vertex,284
Snorkel Gear,Pets,Nova,897
Speaker,Home Appliances,Everest,728
Dishwasher,Health & Fitness,UrbanCore,411
Smart Thermostat,Pets,Vertex,630
Hammock,Health & Fitness,PrimeLine,551
Smart Thermostat,Electronics,Nova,593
Lamp,Kitchen & Dining,Nova,416
Craft Kit,Outdoor & Garden,Everest,975
Cooler,Arts & Crafts,Vertex,768
Patio Furniture,Sports & Recreation,PrimeLine,413
Water Bottle,Electronics,Vertex,457
Craft Kit,Toys & Games,Vertex,933
Action Figure,Electronics,Nova,343
Cat Litter Box,Pets,UrbanCore,472
Fire Pit,Toys & Games,Vertex,117
Dishwasher,Home Appliances,PrimeLine,208
Tennis Racket,Pets,Vertex,372
Snorkel Gear,Sports & Recreation,PrimeLine,96
Hammock,Home Appliances,PrimeLine,267
Badminton Set,Home Appliances,UrbanCore,445
Ski Poles,Pets,Vertex,745
Kayak,Electronics,Nova,627
Craft Kit,Home & Furniture,Everest,798
Wi-Fi Extender,Electronics,Everest,902
Keyboard,Arts & Crafts,Everest,429
Lamp,Pets,Vertex,78
Water Bottle,Electronics,PrimeLine,104
Dishwasher,Home & Furniture,Vertex,970
Garden Hose,Arts & Crafts,Everest,208
Craft Kit,Toys & Games,PrimeLine,202
Craft Kit,Electronics,Nova,673
Craft Kit,Pets,Nova,589
Kayak,Toys & Games,Vertex,658
Golf Clubs,Toys & Games,Nova,475
Hiking Backpack,Sports & Recreation,PrimeLine,166
Lamp,Electronics,PrimeLine,897
Wi-Fi Extender,Health & Fitness,Vertex,806
Sheets,Outdoor & Garden,Nova,941
Ski Poles,Arts & Crafts,PrimeLine,507
Smart Thermostat,Pets,Vertex,736
Garden Hose,Electronics,Nova,840
Yoga Mat,Home & Furniture,UrbanCore,115
Smart Thermostat,Sports & Recreation,Nova,59
Wi-Fi Extender,Toys & Games,UrbanCore,304
Action Figure,Sports & Recreation,PrimeLine,189
Ping Pong Table,Kitchen & Dining,Vertex,402
Cooler,Home Appliances,PrimeLine,54
Tennis Racket,Pets,Vertex,796
Pillow,Arts & Crafts,UrbanCore,937
Craft Kit,Home & Furniture,UrbanCore,948
Yoga Mat,Outdoor & Garden,UrbanCore,531
Smart Thermostat,Toys & Games,Nova,347
VR Headset,Health & Fitness,PrimeLine,599
Tennis Racket,Toys & Games,UrbanCore,817
Tennis Racket,Home & Furniture,Nova,836
Electric Kettle,Electronics,UrbanCore,862
Hiking Backpack,Outdoor & Garden,Everest,233
VR Headset,Health & Fitness,UrbanCore,432
Fire Pit,Pets,UrbanCore,840
Earbuds,Electronics,Everest,938
Patio Furniture,Home Appliances,UrbanCore,932
Speaker,Pets,Nova,886
Smart Thermostat,Sports & Recreation,Vertex,914
Electric Toothbrush,Home & Furniture,Vertex,358
Golf Clubs,Kitchen & Dining,Nova,432
Cooler,Health & Fitness,PrimeLine,103
Patio Furniture,Sports & Recreation,UrbanCore,576
Snorkel Gear,Pets,Vertex,496
